frame_number,timestamp_ms,speed_center_of_mass,angle_left_elbow,angle_right_elbow,angle_left_shoulder,angle_right_shoulder,angle_left_hip,angle_right_hip,angle_left_knee,angle_right_knee,angle_left_ankle,angle_right_ankle,angle_upper_back,angle_lower_back,landmark_nose_x,landmark_nose_y,landmark_nose_z,landmark_nose_visibility,landmark_left_shoulder_x,landmark_left_shoulder_y,landmark_left_shoulder_z,landmark_left_shoulder_visibility,landmark_right_shoulder_x,landmark_right_shoulder_y,landmark_right_shoulder_z,landmark_right_shoulder_visibility,landmark_left_elbow_x,landmark_left_elbow_y,landmark_left_elbow_z,landmark_left_elbow_visibility,landmark_right_elbow_x,landmark_right_elbow_y,landmark_right_elbow_z,landmark_right_elbow_visibility,landmark_left_wrist_x,landmark_left_wrist_y,landmark_left_wrist_z,landmark_left_wrist_visibility,landmark_right_wrist_x,landmark_right_wrist_y,landmark_right_wrist_z,landmark_right_wrist_visibility,landmark_left_hip_x,landmark_left_hip_y,landmark_left_hip_z,landmark_left_hip_visibility,landmark_right_hip_x,landmark_right_hip_y,landmark_right_hip_z,landmark_right_hip_visibility,landmark_left_knee_x,landmark_left_knee_y,landmark_left_knee_z,landmark_left_knee_visibility,landmark_right_knee_x,landmark_right_knee_y,landmark_right_knee_z,landmark_right_knee_visibility,landmark_left_ankle_x,landmark_left_ankle_y,landmark_left_ankle_z,landmark_left_ankle_visibility,landmark_right_ankle_x,landmark_right_ankle_y,landmark_right_ankle_z,landmark_right_ankle_visibility,landmark_left_heel_x,landmark_left_heel_y,landmark_left_heel_z,landmark_left_heel_visibility,landmark_right_heel_x,landmark_right_heel_y,landmark_right_heel_z,landmark_right_heel_visibility,landmark_left_eye_inner_x,landmark_left_eye_inner_y,landmark_left_eye_inner_z,landmark_left_eye_inner_visibility,landmark_left_eye_x,landmark_left_eye_y,landmark_left_eye_z,landmark_left_eye_visibility,landmark_left_eye_outer_x,landmark_left_eye_outer_y,landmark_left_eye_outer_z,landmark_left_eye_outer_visibility,landmark_right_eye_inner_x,landmark_right_eye_inner_y,landmark_right_eye_inner_z,landmark_right_eye_inner_visibility,landmark_right_eye_x,landmark_right_eye_y,landmark_right_eye_z,landmark_right_eye_visibility,landmark_right_eye_outer_x,landmark_right_eye_outer_y,landmark_right_eye_outer_z,landmark_right_eye_outer_visibility,landmark_left_ear_x,landmark_left_ear_y,landmark_left_ear_z,landmark_left_ear_visibility,landmark_right_ear_x,landmark_right_ear_y,landmark_right_ear_z,landmark_right_ear_visibility,landmark_mouth_left_x,landmark_mouth_left_y,landmark_mouth_left_z,landmark_mouth_left_visibility,landmark_mouth_right_x,landmark_mouth_right_y,landmark_mouth_right_z,landmark_mouth_right_visibility,landmark_left_pinky_x,landmark_left_pinky_y,landmark_left_pinky_z,landmark_left_pinky_visibility,landmark_right_pinky_x,landmark_right_pinky_y,landmark_right_pinky_z,landmark_right_pinky_visibility,landmark_left_index_x,landmark_left_index_y,landmark_left_index_z,landmark_left_index_visibility,landmark_right_index_x,landmark_right_index_y,landmark_right_index_z,landmark_right_index_visibility,landmark_left_thumb_x,landmark_left_thumb_y,landmark_left_thumb_z,landmark_left_thumb_visibility,landmark_right_thumb_x,landmark_right_thumb_y,landmark_right_thumb_z,landmark_right_thumb_visibility,landmark_left_foot_index_x,landmark_left_foot_index_y,landmark_left_foot_index_z,landmark_left_foot_index_visibility,landmark_right_foot_index_x,landmark_right_foot_index_y,landmark_right_foot_index_z,landmark_right_foot_index_visibility
0,0,0,35.78534996516983,87.38475633603703,168.83272640176546,47.44757881363467,0.18375269175211037,37.61070059437749,26.77256728987029,46.067576195604616,42.7407758004541,68.12480603226803,180,18.414949920197028,455.8368,935.9206,0.1681,0.785,720.1821,477.2325,-0.3177,0.137,512.8252,119.4613,-0.4831,0.087,291.221,273.3908,0.3764,0.865,571.296,623.8402,0.2634,0.778,791.5772,181.844,0.1491,0.492,369.1678,637.9649,0.4403,0.392,1173.4266,813.6486,0.1217,0.486,1101.6814,546.3465,0.3153,0.417,557.6341,359.6386,0.2169,0.899,370.3655,567.6792,0.0562,0.496,974.5255,430.3597,0.0065,0.264,833.8094,1021.465,-0.3135,0.944,750.0593,139.2133,0.034,0.995,1187.991,167.3029,-0.2803,0.213,1053.3969,998.1275,-0.0082,0.579,1884.4509,470.044,0.3108,0.899,692.0274,53.4181,0.1473,0.091,1797.2632,738.286,0.2459,0.612,1913.5044,898.8239,-0.4988,0.529,1376.033,264.7082,-0.1972,0.964,557.4188,86.1079,0.2177,0.98,278.4957,420.4353,0.1849,0.137,1504.9633,598.979,0.1421,0.702,1059.6135,21.5455,-0.2436,0.249,1681.3496,880.4902,0.2548,0.473,182.809,346.6345,-0.324,0.494,148.4888,524.8768,-0.0914,0.882,1892.0646,136.5546,0.0081,0.62,1830.0466,854.8406,-0.3954,0.105,201.506,189.2282,-0.2052,0.701,385.5452,924.5932,0.0265,0.393,539.8646,31.542,-0.1368,0.312
1,16.666666666666668,21183.250138331696,33.63822886474481,22.056221880332956,19.875487493627553,7.76048777235696,99.68042810664372,13.057815479257222,60.26304207458533,21.113243978125688,150.0588407931516,81.2664727548075,180,51.138524618643956,78.8947,371.5267,0.3373,0.969,1690.1281,162.9605,-0.1665,0.067,1663.9587,1051.5123,-0.0023,0.638,325.0986,567.8599,-0.1002,0.591,80.9025,266.8122,-0.194,0.091,1198.552,836.8471,-0.4506,0.286,646.657,904.5574,0.3985,0.915,436.7126,89.5056,0.1532,0.738,1233.3149,906.5301,0.0666,0.693,280.7635,763.1532,-0.0668,0.023,1837.5361,965.2284,-0.0208,0.886,552.4062,681.643,0.1325,0.011,833.5442,461.1082,0.4892,0.456,1393.2437,879.4564,-0.1778,0.436,738.2738,755.5712,0.0531,0.717,1388.611,195.1727,0.0557,0.852,1445.8705,545.815,0.0777,0.706,1446.8879,694.2172,0.1914,0.025,1.3373,600.6738,-0.0655,0.268,1182.0791,1072.6199,-0.4674,0.527,1040.5112,655.8739,-0.3237,0.129,197.5454,987.6382,-0.191,0.412,1320.2096,749.3822,0.347,0.655,1653.8738,207.7333,0.0048,0.893,1820.1019,261.5015,0.1461,0.116,152.4819,892.1041,0.4059,0.683,524.7977,165.8031,0.1574,0.884,1052.3582,283.9693,-0.4044,0.505,1188.0016,962.1437,0.3375,0.806,1248.3774,1023.8285,-0.3404,0.089,299.2973,134.8542,0.0721,0.165,175.8552,184.0756,0.361,0.805,1545.2616,402.9026,0.3476,0.914
2,33.333333333333336,25750.71976586189,77.35539727551996,14.842886924918691,34.24791671745831,7.565693578222547,94.49060740868411,152.46606734909307,155.49555304929635,40.30179822160996,96.63371739040763,110.55055537152471,179.99999914622634,108.04604685458361,245.0466,883.8739,0.4327,0.447,1339.4406,948.8213,0.4801,0.863,1563.0515,966.0378,0.2554,0.02,818.2844,347.9407,0.0832,0.153,582.3991,333.4228,-0.0896,0.111,455.3334,839.8826,-0.1563,0.315,1116.9302,506.9274,-0.4077,0.354,1233.6149,46.3201,0.1611,0.27,1287.1868,835.8715,-0.1963,0.577,910.4783,58.7183,-0.0128,0.71,897.341,851.3503,-0.364,0.328,22.2731,505.472,-0.3078,0.021,1365.1468,421.5495,-0.282,0.365,221.5591,1050.9908,-0.0382,0.031,1208.8087,35.084,-0.4401,0.195,525.8953,244.4113,0.4008,0.483,819.1004,828.506,-0.2294,0.49,70.6644,335.0707,0.4104,0.257,691.0257,41.7993,-0.4306,0.785,530.4102,582.6597,0.2494,0.601,369.808,247.1441,-0.4147,0.761,1097.575,779.4026,-0.3401,0.49,741.6595,545.3842,-0.0775,0.223,1047.4533,26.1105,0.1336,0.519,171.2689,45.2078,-0.4916,0.08,269.7883,291.2099,-0.1893,0.324,377.7397,740.5227,0.0161,0.157,449.9508,85.2751,0.4997,0.91,1240.6491,15.4777,0.4057,0.762,914.4746,901.3607,-0.1013,0.195,1907.4566,345.7488,0.0925,0.597,337.4976,678.8177,0.2961,0.22,1738.7576,907.7099,0.0905,0.363
3,50,0,,,,,,,,,,,,,,,,,,,,,,,,,,,,,,,,,,,,,,,,,,,,,,,,,,,,,,,,,,,,,,,,,,,,,,,,,,,,,,,,,,,,,,,,,,,,,,,,,,,,,,,,,,,,,,,,,,,,,,,,,,,,,,,,,,,,,,,,,,,,,,,,
4,66.66666666666667,20706.103193711075,11.298335768366309,11.378091294691366,127.42500261177486,125.417775709932,2.2264195641593405,49.43059507054314,99.35639999829293,106.54017238878808,84.53789178539957,90.19019614211743,180,73.84331976763879,17.1016,625.7693,0.1401,0.975,850.1547,729.9366,0.4785,0.243,288.7229,281.792,-0.4958,0.733,365.709,1009.2545,0.4217,0.797,1752.3791,273.0282,-0.1362,0.478,601.1538,802.6667,-0.1165,0.185,1468.4605,217.6598,-0.1081,0.757,914.6356,237.3966,0.3163,0.836,278.3522,267.3918,0.0541,0.291,833.6136,712.1495,-0.4045,0.322,1841.2462,398.8671,0.4163,0.993,1508.7003,945.1446,-0.4444,0.178,1880.401,587.4144,0.2758,0.39,1643.7251,386.1296,0.3582,0.41,940.6028,785.8344,0.4561,0.691,798.9009,322.7148,0.382,0.435,1806.4857,228.5771,-0.2977,0.801,307.8726,403.8089,0.0618,0.917,152.1158,803.0275,0.4603,0.452,720.2835,80.5153,0.4123,0.113,1482.0596,275.6029,0.3544,0.011,1607.9705,486.0606,0.158,0.919,487.2363,167.6219,-0.3319,0.902,681.2475,27.7657,-0.0599,0.557,922.6666,91.8805,-0.403,0.843,753.209,687.7775,-0.332,0.004,1220.8941,510.7971,-0.1352,0.721,583.3213,395.7383,0.1814,0.899,303.9586,809.7305,0.1248,0.631,1598.9135,1036.6386,0.0318,0.925,1203.5341,605.5712,-0.2261,0.437,1474.7439,798.2433,-0.3226,0.28,84.4897,1006.4517,0.319,0.738
5,83.33333333333333,28266.200439645145,,6.588896403581065,11.741589460274545,18.337880184991455,84.18963633119496,7.228052953598386,,17.10649026343085,,26.622831877600746,180,132.9102508474847,351.2892,518.4062,0.424,0.291,1537.2181,1004.9285,-0.4077,0.884,473.4819,425.9046,-0.0182,0.274,1342.7938,950.5567,-0.2679,0.209,1890.1529,150.8848,-0.0719,0.858,,,,,1143.7663,387.2961,-0.0503,0.477,106.1577,907.8117,0.2031,0.182,1246.224,525.6032,0.4094,0.424,215.4635,267.8562,0.435,0.679,308.9042,281.8043,0.4835,0.056,,,,,1405.6044,958.7749,-0.3454,0.38,159.5771,310.5154,0.1011,0.132,818.0056,7.0366,-0.1582,0.878,1053.8011,407.7555,-0.4162,0.205,437.62,1070.2112,0.1581,0.105,1030.6281,93.54,-0.1674,0.737,1173.9718,209.3143,0.1884,0.399,1198.6633,984.5454,-0.2962,0.024,1777.807,561.3249,0.3597,0.661,304.451,2.5983,-0.2269,0.819,265.0641,372.1969,-0.473,0.927,98.6368,767.2523,0.1217,0.884,511.4084,931.1188,-0.2823,0.441,1265.8316,205.2725,0.2061,0.544,1601.3938,1076.1729,0.1353,0.682,1512.7492,796.5263,0.274,0.528,1356.0834,803.7375,-0.1305,0.65,1788.0724,10.8459,0.1783,0.998,528.1097,579.2909,0.1193,0.481,893.0593,703.021,-0.039,0.325,361.2654,597.1426,0.295,0.488
6,100,21739.376289898963,168.69061995388785,91.38739733806835,146.85229340815758,55.319006054765715,19.84318299876106,37.443676698632345,28.143073205607074,37.596787033237916,169.3832334372911,9.58675144497432,180,165.99817859863575,1337.6106,999.1684,-0.1717,0.773,830.7176,464.9358,0.489,0.47,1791.5777,299.0307,-0.2777,0.311,588.9273,163.1439,0.3745,0.051,1206.8498,1059.939,0.4317,0.821,514.4115,100.641,0.2596,0.004,269.7632,375.2636,0.297,0.683,1100.1724,553.2738,0.4761,0.064,589.9248,239.0016,-0.4783,0.383,90.7584,583.0911,-0.35,0.178,864.7546,49.5238,0.2141,0.46,419.4466,394.5825,0.3474,0.035,559.4206,999.423,-0.4953,0.348,1133.5428,145.6522,0.2323,0.836,687.8106,112.0396,0.0895,0.293,1485.2677,952.5687,0.0067,0.527,450.947,470.7597,-0.1105,0.51,1655.8731,355.1037,-0.1878,0.547,892.3862,332.7928,-0.0184,0.334,696.1688,222.7398,0.1761,0.129,664.0973,1007.6022,0.472,0.824,1727.7185,260.0637,-0.3325,0.619,472.3511,941.4992,-0.1723,0.291,951.8125,481.1467,0.1214,0.794,1848.77,213.9129,-0.129,0.662,859.8667,968.344,0.4158,0.288,1825.8465,718.3105,-0.1304,0.94,1103.9661,448.6081,-0.4961,0.704,1712.2298,8.7066,-0.3522,0.757,1492.6092,233.117,-0.1388,0.191,558.8948,216.5402,0.4577,0.94,1713.8295,820.4865,0.3934,0.454,422.9143,1049.3783,0.2091,0.81
7,116.66666666666667,15150.945260465085,0.564918870213269,140.53097061924424,1.574236948633167,77.08368945914577,150.15727685800644,129.59701585900177,0.3187823545630465,10.396103946789179,98.93383864796226,31.762120174082234,180,162.15405502465052,15.8158,42.4439,-0.2439,0.363,1823.7307,65.0126,0.1076,0.591,1902.4771,291.0067,-0.1289,0.444,76.5669,608.8932,-0.0628,0.561,1670.1445,89.3746,-0.0038,0.017,1757.6889,67.3329,-0.0889,0.444,683.74,63.814,0.1713,0.899,729.6304,438.8659,0.4499,0.409,1259.2631,760.5675,0.2038,0.723,440.2664,768.3345,-0.1149,0.28,530.2516,575.1148,0.335,0.305,865.1332,279.1198,-0.0599,0.143,1866.3553,665.6528,0.4972,0.834,1553.7436,710.07,-0.2721,0.194,1453.9815,370.0005,0.1178,0.621,1458.0726,711.249,0.1547,0.825,170.9873,239.446,0.1819,0.487,1208.2282,66.9075,0.4612,0.744,1648.056,1.8677,0.2556,0.002,1731.1753,339.196,-0.2118,0.473,194.2108,1032.9287,-0.24,0.064,1728.8096,741.1837,0.4885,0.368,656.367,451.583,-0.162,0.48,428.3785,1005.3075,-0.1363,0.122,1362.4162,847.9104,-0.1581,0.317,448.2504,431.6456,0.4352,0.922,767.5617,772.8127,-0.1664,0.014,1621.0064,185.7159,0.4559,0.519,1333.1342,810.4374,0.1905,0.647,1801.5636,750.1399,-0.1585,0.118,1280.4587,1056.7238,0.1941,0.672,1834.7121,684.9477,0.4998,0.621,274.2643,491.3993,-0.4452,0.793
8,133.33333333333334,0,93.53573730790625,21.065297340283177,,,,,,,61.81508657930971,152.27835724886683,180,,1337.0048,671.5705,0.1515,0.738,1435.8023,1066.0357,0.0664,0.717,1059.9657,465.1405,-0.0356,0.512,1655.9655,615.0596,-0.442,0.944,1574.6088,488.043,-0.1782,0.131,1478.0137,514.1454,-0.4497,0.693,424.9609,873.094,0.494,0.529,,,,,,,,,1663.0196,141.9343,-0.4841,0.12,1721.7149,976.1683,-0.3191,0.322,541.4432,1018.6007,0.2849,0.552,1735.8582,733.6748,-0.1003,0.584,466.7214,587.2471,-0.1335,0.416,1418.004,32.4391,0.4738,0.51,484.3143,663.9036,0.1961,0.15,871.1893,853.452,0.4161,0.059,238.4686,430.2712,0.2467,0.96,1750.6849,553.9423,-0.2547,0.32,389.5411,792.3543,0.2031,0.691,1633.0122,292.8684,-0.1225,0.42,30.0718,833.9901,0.0159,0.68,321.0436,1075.6749,0.0939,0.317,73.5778,216.391,-0.0611,0.743,164.2529,915.065,0.1615,0.853,271.8702,417.9139,-0.2431,0.512,239.4021,128.4362,-0.124,0.089,1414.6845,682.8145,-0.2446,0.527,159.164,745.1734,0.3777,0.272,752.0829,137.5157,-0.0381,0.676,319.58,994.0115,-0.007,0.063,745.6132,130.9974,-0.4488,0.996,1212.7436,208.2866,0.4033,0.302
9,150,20652.26588915748,1.67214172586217,54.95754283626608,15.022660710407546,76.50630131718286,99.68861987637364,1.05123074257458,51.054143457575925,13.203214984846635,147.8713028292378,114.21928839925236,180,25.606142511732426,600.8542,270.039,-0.2468,0.465,482.0461,1025.2434,-0.4634,0.23,1356.8743,859.2583,0.3432,0.215,1325.5228,683.9563,-0.1976,0.048,1727.6878,150.9008,-0.2989,0.85,960.9781,819.2184,-0.4303,0.815,1461.8915,185.4743,0.1724,0.126,1542.96,224.2804,0.2482,0.767,1822.7505,976.6036,-0.2115,0.408,1854.1658,517.131,0.0005,0.689,443.8065,656.0586,0.244,0.669,1399.1544,579.4164,-0.3718,0.019,1557.0492,653.7886,0.038,0.271,777.7901,298.4149,-0.0956,0.782,1834.8625,32.8008,-0.1063,0.152,526.2696,118.9888,0.1197,0.085,1672.4067,959.5126,-0.2023,0.683,887.6261,968.4036,0.3666,0.919,1278.7092,879.9031,0.3952,0.93,1789.9589,803.1156,-0.2318,0.751,1397.9271,539.9305,-0.1964,0.573,731.7653,281.5776,0.085,0.304,729.2022,451.9401,-0.3217,0.678,1298.1442,275.7502,0.1575,0.9,553.9029,859.7933,-0.3913,0.549,132.4169,503.4301,0.1814,0.272,1182.2602,381.8109,0.2046,0.512,1556.6961,598.2031,0.0899,0.956,400.0449,217.212,0.1778,0.507,964.7738,951.001,-0.0755,0.648,1696.2236,710.339,0.0663,0.805,290.2891,257.9599,0.4336,0.574,445.6071,939.4149,-0.2483,0.361
10,166.66666666666666,0,,,,,,,,,,,,,,,,,,,,,,,,,,,,,,,,,,,,,,,,,,,,,,,,,,,,,,,,,,,,,,,,,,,,,,,,,,,,,,,,,,,,,,,,,,,,,,,,,,,,,,,,,,,,,,,,,,,,,,,,,,,,,,,,,,,,,,,,,,,,,,,,
11,183.33333333333331,7967.745009497968,43.60955368534111,17.238371519652965,125.45361378809007,42.912681528587704,39.640553174986024,6.490346286764512,55.151330583015074,8.261285560132608,22.702360634958172,114.86663535842396,179.99999914622634,20.222743022485908,818.469,690.0804,-0.1546,0.626,1657.871,3.5334,-0.2495,0.261,695.431,781.6353,-0.3735,0.501,1837.7623,45.6426,-0.2277,0.55,1261.3019,126.5812,0.1855,0.835,422.6258,877.0562,-0.0216,0.786,25.0509,897.2601,-0.3542,0.872,934.4442,640.685,0.0513,0.101,1907.4858,648.5704,0.1723,0.051,1018.4452,109.5888,0.0228,0.865,708.6322,643.8574,-0.0629,0.051,1769.9648,831.1878,0.0307,0.614,1519.0704,529.4378,-0.4348,0.742,107.0122,188.3718,-0.2693,0.441,1614.6413,677.1528,-0.2342,0.607,1554.87,1041.1545,-0.4428,0.85,1226.999,899.1423,-0.3245,0.826,1826.7152,477.1376,-0.2654,0.21,1884.6498,238.488,-0.0661,0.667,1324.9327,640.9668,0.3496,0.34,865.5437,639.578,0.3605,0.135,1334.2895,196.1201,-0.0413,0.052,110.4047,973.631,0.369,0.539,621.7789,203.842,0.1466,0.621,427.8081,525.7644,-0.3226,0.269,80.8613,438.989,0.1865,0.281,399.1598,705.7915,0.0015,0.724,1109.3449,477.3753,0.2403,0.594,430.2118,436.3969,0.0178,0.47,1774.6794,465.7591,-0.328,0.7,1480.1417,834.5407,-0.0128,0.542,1863.5728,233.5935,0.0899,0.768,472.7876,1073.2894,-0.1333,0.486
12,200,25264.208508686148,62.47902886426133,139.91753692429415,11.346120429024067,41.70597836257789,27.84258563013883,6.659051793285788,28.64873597996528,12.940614121888283,83.91219083048887,25.316514802618755,179.99999914622634,21.308775380051753,1250.8588,126.7595,0.1735,0.141,1289.3333,907.6427,0.0674,0.794,293.2372,189.9334,-0.0877,0.973,530.9323,811.7449,-0.135,0.645,919.073,54.2222,0.0734,0.423,562.304,896.4886,-0.4576,0.694,1395.4878,305.9114,0.3494,0.514,606.675,957.0489,0.4697,0.21,1710.3593,990.7539,0.2698,0.82,1749.2917,243.5602,-0.1504,0.237,70.4684,301.0069,0.243,0.876,1406.8447,852.0702,0.2296,0.695,1727.0622,589.273,0.2107,0.043,550.8,242.4279,-0.0766,0.456,939.7514,34.1376,-0.3337,0.616,1013.8035,742.721,-0.3044,0.595,998.5591,925.6203,-0.3801,0.962,1602.0848,885.548,0.1481,0.471,216.0887,48.6613,-0.1978,0.159,1847.3788,926.2388,0.4437,0.867,1813.8397,250.4936,-0.3215,0.795,1086.0343,435.2696,0.0694,0.574,1084.4303,709.7443,0.3285,0.611,1062.2518,443.2659,0.4102,0.184,1523.9556,469.4472,0.1782,0.51,691.5551,384.5011,0.1359,0.132,1844.9827,99.5679,-0.4521,0.367,320.8939,656.7617,0.0463,0.833,1019.7856,63.6188,0.2586,0.738,1867.88,761.7425,-0.2044,0.744,843.1008,1015.7413,0.2027,0.127,134.2253,855.1781,0.4571,0.471,205.373,907.89,0.2951,0.235
13,216.66666666666669,45359.40009117957,128.7731990357141,34.91774994095915,14.386314304280907,36.09586890465227,8.591190442725045,126.68907115118301,130.54792496427953,51.4803831823989,161.68882100993324,50.13669967305372,180,52.55517172479606,413.0397,895.7021,0.4502,0.78,1339.1124,575.3357,0.2695,0.298,1814.8694,571.272,0.1315,0.297,956.233,678.5349,0.3558,0.965,469.1763,87.6782,0.1448,0.542,731.1396,514.1406,0.3418,0.89,678.8821,30.8944,-0.4835,0.734,44.5488,591.1164,-0.3666,0.213,846.1329,855.0874,0.3892,0.13,1183.5598,404.8087,0.0734,0.486,126.1132,312.8746,-0.3289,0.944,1340.0127,147.0669,0.4822,0.137,143.7654,970.3476,0.4298,0.176,1439.1429,62.6095,0.3793,0.835,447.7821,702.3092,-0.1102,0.384,1599.2408,326.9136,0.4494,0.614,627.264,710.8582,0.1842,0.469,396.3951,914.5767,0.3099,0.21,962.2705,998.1223,-0.1418,0.554,172.8527,336.6232,-0.2639,0.836,1030.033,407.2287,-0.4678,0.809,1386.8571,749.0628,-0.1973,0.201,630.3771,94.3106,-0.2417,0.529,1840.1281,358.5623,0.0248,0.392,872.2297,108.5407,-0.1014,0.232,1571.9584,425.3525,0.499,0.256,321.8201,658.6578,-0.2165,0.042,1756.5422,575.4805,-0.0254,0.098,1911.175,942.4484,0.197,0.429,1473.7204,743.3347,0.1411,0.416,516.7333,1029.1292,0.1662,0.972,1703.4126,676.1085,-0.4295,0.813,1509.7075,674.6482,-0.0372,0.937
14,233.33333333333334,21068.447326850626,107.2716876083761,44.066125448112224,98.33674647553148,164.22643108319429,15.364679713333771,36.823241110434665,97.70880683436943,62.0130322214619,39.726527047525586,4.67103979050528,180,34.40658170021977,673.7605,22.5801,-0.3784,0.597,478.1131,341.725,-0.4914,0.848,459.106,311.5567,-0.2759,0.343,390.6677,217.3913,-0.2737,0.222,1372.8169,515.239,-0.1878,0.09,526.1408,41.5339,0.1669,0.084,1175.2721,636.2915,0.4919,0.69,84.1557,715.0013,-0.4206,0.286,234.2392,324.1554,-0.0796,0.874,1201.8759,118.4134,-0.337,0.795,1270.8635,1013.316,-0.3065,0.902,1518.5375,557.4745,-0.1916,0.821,1366.7473,40.5717,0.1274,0.354,138.4581,201.245,0.4385,0.031,1349.9775,1042.9775,-0.352,0.555,565.1873,920.9809,-0.1843,0.965,350.8519,1070.2754,0.0212,0.674,1255.2188,711.7911,0.1273,0.25,176.3287,176.0712,0.0299,0.106,587.4009,476.0707,0.0309,0.049,974.0593,853.3599,0.2178,0.068,1217.1841,955.4608,-0.2547,0.859,1571.3885,1012.4412,-0.3113,0.337,1049.1203,670.892,-0.1064,0.119,1540.3881,113.4119,-0.0077,0.705,117.9905,568.6478,0.0027,0.402,549.9492,912.9068,-0.0318,0.96,815.0267,153.2207,-0.2853,0.65,831.3028,625.0279,-0.2351,0.898,362.6608,451.3736,-0.4647,0.141,1226.0136,522.2388,-0.2379,0.725,628.8069,476.1218,0.2568,0.62,1027.1181,274.1822,-0.4651,0.34
15,250,11223.26119147925,13.233510570110914,24.010082525422636,23.233664572658327,38.17717156079766,69.43599826600028,81.0079044560617,66.87680770601587,24.861722058323352,91.80522253929418,60.286808501299035,180,79.53272102593525,1100.8547,562.4788,-0.1839,0.265,1272.6918,834.85,0.0767,0.486,971.7783,872.1905,-0.4395,0.537,845.5195,840.7692,0.4089,0.792,398.331,812.9822,0.1104,0.738,1539.9236,993.9475,-0.0747,0.099,1314.405,513.2942,0.4775,0.217,27.5064,320.6097,0.1823,0.469,479.1327,395.2493,-0.0213,0.553,4.6148,1019.5828,-0.0069,0.519,40.1162,1020.3711,-0.4173,0.447,647.5646,769.5868,-0.1909,0.103,1771.2532,18.5482,0.3765,0.216,510.0679,380.0595,0.1761,0.138,1775.338,696.6854,0.3556,0.384,484.4591,507.32,0.0844,0.729,11.2237,1003.8076,-0.2254,0.011,1749.2676,570.4001,0.4584,0.533,403.1379,228.3582,-0.1613,0.099,1211.0368,474.1982,0.2222,0.894,1067.6727,183.2792,0.3946,0.729,1602.7368,532.6465,-0.4317,0.775,1505.005,561.2591,-0.1742,0.76,1302.0641,955.7245,0.2292,0.374,1485.6635,1059.6664,-0.4803,0.352,1645.0066,1067.4602,0.3881,0.504,1624.435,410.6221,-0.1277,0.463,760.8481,382.3833,-0.0273,0.502,789.4574,970.3447,-0.1497,0.523,859.7539,235.6836,0.3042,0.035,1548.3601,219.8647,0.4436,0.258,1624.3135,263.2826,-0.4122,0.273,1919.2663,841.9143,-0.0413,0.672
16,266.6666666666667,83609.34603728344,,72.82987569195848,148.71969544980647,18.451225070953488,43.48440470962399,16.369093340260576,,86.25091218765365,,48.78662061337394,180,10.206826908051214,1202.2167,297.2729,-0.352,0.556,937.508,558.6383,-0.0793,0.294,514.2476,942.2936,-0.2195,0.678,460.4529,581.8017,0.3704,0.251,1630.913,679.8828,0.1974,0.914,,,,,1606.7144,1030.7032,0.3826,0.909,1482.8836,189.9447,0.3919,0.522,1786.2664,157.4298,-0.4706,0.168,673.5015,55.5998,0.2762,0.108,1126.5947,891.2173,0.3227,0.012,,,,,548.6836,298.917,-0.1967,0.245,1274.3007,652.9014,0.2828,0.783,1430.3469,251.4436,0.1787,0.825,275.2853,650.7345,0.3233,0.89,976.6693,161.1726,-0.0799,0.047,1122.2441,330.6535,0.2293,0.763,1542.7898,143.1401,0.4643,0.357,346.8429,334.3281,-0.2705,0.693,899.173,260.7405,0.0621,0.135,4.8839,986.2044,0.4685,0.461,1029.1406,933.8361,0.1286,0.485,202.5205,421.6587,-0.3119,0.863,1401.9905,889.9775,0.312,0.323,1624.3999,491.2151,0.1931,0.923,1187.3563,816.9634,-0.3371,0.159,522.1231,12.605,0.3848,0.921,310.7695,263.0132,-0.0916,0.822,1563.7462,846.2398,0.0052,0.603,1448.3615,655.7341,0.2576,0.701,785.422,805.85,0.017,0.491,989.1247,431.6966,-0.1395,0.334
17,283.3333333333333,0,,,,,,,,,,,,,,,,,,,,,,,,,,,,,,,,,,,,,,,,,,,,,,,,,,,,,,,,,,,,,,,,,,,,,,,,,,,,,,,,,,,,,,,,,,,,,,,,,,,,,,,,,,,,,,,,,,,,,,,,,,,,,,,,,,,,,,,,,,,,,,,,
18,300,24573.013075205825,0.3725764781827942,45.570110462280596,2.564747874324974,113.63567021773025,102.60276588209922,154.46187383385526,5.620441667014439,15.650249665777585,160.12663660074213,64.51010653990899,180,114.1689490111298,1252.4036,589.1341,0.2971,0.943,1744.001,271.3749,-0.4246,0.425,877.5065,824.5549,-0.0295,0.176,413.2402,1035.6601,-0.2933,0.562,887.9664,1012.8061,0.2875,0.432,840.0726,794.1983,0.1002,0.355,19.9215,251.562,0.2006,0.083,1260.8184,578.4195,0.451,0.027,703.6935,759.7231,0.4121,0.858,808.8378,127.0256,-0.4333,0.01,3.2009,34.5065,-0.4858,0.421,910.8248,251.1125,0.1779,0.553,1210.6951,741.3324,0.0616,0.372,1330.2181,500.2277,-0.2939,0.427,1224.3219,580.8482,-0.2356,0.027,1623.534,829.9511,0.3133,0.578,1469.7194,369.5194,0.476,0.847,1414.3181,391.7482,-0.4075,0.138,1139.6948,725.1701,-0.2263,0.307,345.6971,458.2858,-0.4315,0.847,73.7569,992.2904,-0.4046,0.524,1126.6174,39.3092,-0.161,0.216,1593.6842,444.2644,-0.4626,0.437,772.0021,198.5016,0.3285,0.786,932.8568,1023.2971,0.0804,0.295,115.8274,570.3308,-0.2662,0.797,205.658,404.717,0.412,0.141,944.0605,55.7903,0.2228,0.766,295.3139,830.6893,0.2877,0.874,1541.8046,511.0909,-0.4553,0.001,58.1287,709.062,-0.3242,0.006,250.1831,902.1536,-0.1297,0.243,227.5785,675.569,0.2192,0.224
19,316.66666666666663,25318.763275813424,10.576087692736651,25.56445444841216,2.3883115955458036,2.20235372066668,38.65945287802221,52.45671870661166,130.46377327202114,103.07119252679469,84.13325588745985,14.696240390845299,179.99999914622634,102.48456081844185,1694.8615,138.298,-0.4635,0.056,1814.4917,857.8043,-0.066,0.068,691.9054,162.8418,-0.1483,0.475,555.1133,740.7966,0.1695,0.441,1670.0811,349.5079,-0.3107,0.021,1775.9997,628.2255,0.4182,0.999,1311.2614,444.0479,0.0839,0.347,1255.6921,829.3036,-0.4859,0.752,1539.2937,358.5743,0.4395,0.027,1732.3535,486.2865,0.2609,0.049,1041.4913,768.2086,-0.0515,0.743,1749.5211,278.5408,-0.2843,0.707,288.9272,191.1976,-0.4317,0.508,1000.9659,293.4716,-0.0255,0.585,1310.3918,620.2065,-0.1743,0.462,170.5638,1011.5181,-0.1478,0.154,270.6218,671.5848,0.2554,0.915,1691.2283,672.3677,-0.4496,0.124,827.309,306.8449,0.486,0.341,1396.624,706.0797,-0.0203,0.256,79.4946,423.7062,-0.4912,0.748,1024.1545,984.0461,-0.4091,0.127,1227.7267,641.9848,0.0246,0.802,1602.8248,772.7295,0.313,0.347,139.7799,439.5753,0.4419,0.714,485.062,653.2431,0.2056,0.987,284.627,145.5772,-0.1039,0.547,1748.0632,569.7757,0.3145,0.627,1192.8355,148.2429,0.4422,0.797,1649.8679,999.1639,-0.3961,0.312,753.2708,114.1144,-0.0939,0.277,245.81,766.6017,-0.3868,0.788,1115.6519,1047.7759,0.4882,0.411
20,333.3333333333333,36028.85494696971,51.74795600619576,104.1956338055047,87.23198675479077,7.879615341187166,113.43419422742312,75.77828596827291,31.118673547132754,127.05579971101871,30.172321881641544,20.70546881750506,180,79.42506936843124,1709.7774,763.2123,-0.3686,0.49,1431.9085,482.9904,0.0308,0.081,362.5044,1009.6935,0.4009,0.124,661.7401,768.1946,0.2983,0.088,337.6345,397.768,0.3695,0.725,858.6582,159.6772,-0.3883,0.739,85.3351,344.746,0.0389,0.264,1322.9626,227.4258,-0.1604,0.993,303.6251,682.684,0.4905,0.435,385.6832,221.7676,-0.2366,0.495,1135.7788,741.0892,0.2683,0.341,1111.4742,665.9156,0.1639,0.498,1720.354,70.2826,0.4205,0.469,734.751,657.4176,-0.1246,0.172,512.0982,718.7947,0.0025,0.69,1396.701,434.2127,0.1012,0.37,246.4435,572.4835,0.0831,0.7,1309.0089,67.9803,0.213,0.046,1738.4853,254.1348,0.3949,0.961,212.7722,998.5896,0.2864,0.261,1538.9314,817.5661,0.3721,0.99,774.1641,861.9896,0.2987,0.302,1672.4119,473.4979,-0.108,0.253,906.5841,898.4576,0.0286,0.225,1516.4085,1078.1124,0.2845,0.483,1617.4688,1063.9365,-0.4233,0.844,326.9942,460.0614,0.1091,0.415,1286.4543,908.7524,0.3483,0.519,183.1013,106.8127,-0.0504,0.742,668.6237,916.077,0.0433,0.097,1534.4974,120.9038,0.1055,0.846,1730.9052,39.9473,0.0667,0.572,972.3601,291.1644,0.0871,0.66
21,350,0,37.786389202707646,126.15626354474021,,,,,,,112.17259707052857,37.210725314781115,180,,397.5555,211.1941,-0.2214,0.181,1915.1396,866.0592,-0.2451,0.785,140.0494,961.8209,0.0757,0.736,669.826,496.752,-0.4223,0.316,603.018,518.7813,0.2156,0.901,1571.4774,145.788,0.1853,0.777,547.586,102.4307,-0.0871,0.338,,,,,,,,,1454.4681,365.5401,-0.257,0.829,842.8592,25.9443,-0.1087,0.826,1147.4863,37.8437,-0.1241,0.985,848.2605,1005.3496,0.1677,0.551,231.443,388.7104,-0.0895,0.984,1545.6215,76.3746,0.1706,0.468,810.3403,822.0798,0.3954,0.589,755.7966,3.2545,0.1479,0.393,784.3408,843.0181,-0.3854,0.943,11.4502,675.522,0.3203,0.933,423.015,881.387,0.4045,0.078,1256.3143,580.0785,0.0494,0.216,1786.6182,792.1649,0.0907,0.819,1569.4137,19.5841,-0.0161,0.638,148.257,802.0417,0.0452,0.974,1598.2495,97.6684,-0.3575,0.812,37.1068,898.1089,-0.3052,0.793,787.6609,894.1819,-0.3384,0.597,1102.8288,318.5711,0.4865,0.602,1411.8768,815.8699,0.011,0.667,745.1093,651.0861,-0.2903,0.193,84.8443,535.1427,-0.3346,0.837,523.312,261.937,0.4927,0.467,558.1854,534.0917,-0.0642,0.028
22,366.66666666666663,6378.161737591603,10.234116021786516,42.503592421808506,17.04352858727813,7.747897213122172,6.494328062900332,88.05580255715599,49.582274164184156,54.26142261102074,14.177734537513885,4.145931714064569,180,54.01631470656082,1627.9188,737.7191,-0.4895,0.346,510.0092,921.9492,0.1699,0.142,57.5741,781.7401,-0.4337,0.826,469.3406,162.9226,-0.206,0.764,1748.4888,722.9317,-0.0816,0.33,359.9786,1032.6223,-0.4467,0.708,1043.4011,120.4808,0.0952,0.318,254.6432,224.5248,0.1201,0.402,950.589,628.456,0.1632,0.726,368.0819,692.8461,0.1488,0.922,887.3627,322.7174,0.1143,0.436,135.9204,575.565,-0.1491,0.781,528.8444,712.9114,-0.1394,0.725,484.8005,878.6205,-0.3018,0.03,1007.633,262.0925,0.1215,0.717,52.6722,374.2299,-0.3108,0.81,139.1903,439.2921,0.412,0.508,1800.5286,526.0659,-0.2411,0.946,721.4052,1032.0713,0.2115,0.447,679.1775,597.814,0.1749,0.473,670.4436,235.293,0.1827,0.849,1573.2687,494.5174,-0.0438,0.631,1715.0371,426.1548,0.2397,0.098,155.9283,348.4384,0.0851,0.095,1058.019,436.4563,0.0052,0.731,581.4555,366.0939,-0.2195,0.461,254.0504,681.0014,-0.0122,0.197,1468.0304,885.0554,-0.0424,0.167,12.5278,116.413,-0.1497,0.848,1589.9389,1003.2875,-0.1847,0.49,152.5259,815.5807,0.4929,0.696,1323.5907,854.4679,0.2214,0.59,944.1789,715.9641,0.4519,0.526
23,383.33333333333337,39549.122784090694,79.83488393719523,67.67781590235765,38.505602869826134,35.33876353999051,89.41161512935973,175.82772851475508,80.82848133066976,82.32265873678908,46.28007876963171,66.65929461527661,180,50.46839021546116,84.6358,362.4692,0.2353,0.728,1545.8789,29.2947,-0.1412,0.311,382.6262,973.6636,0.2454,0.258,1261.3694,582.7396,-0.4886,0.728,499.6466,66.0738,0.1462,0.634,1590.877,683.7395,0.3336,0.541,1552.838,666.0511,0.1034,0.54,1709.1416,846.3993,-0.4477,0.586,572.1426,768.1836,0.3349,0.216,624.9833,1051.4663,-0.0911,0.128,922.7308,439.6261,0.0737,0.039,609.3025,467.9602,0.3764,0.968,393.4425,8.2473,-0.452,0.188,1150.3231,958.1934,0.2472,0.214,218.7713,623.8853,0.2837,0.549,1408.034,249.5194,-0.4393,0.959,225.0074,541.7837,-0.2493,0.478,1639.1021,46.1815,0.3165,0.152,887.7536,636.7586,-0.4262,0.003,888.8881,549.4446,0.4414,0.148,363.1491,694.8199,-0.4061,0.885,621.7488,347.014,-0.1086,0.407,1829.9451,416.8627,-0.2429,0.361,1316.1425,927.4473,-0.075,0.264,256.6193,640.1421,-0.2706,0.489,1161.7662,240.6663,0.2271,0.832,1242.0844,35.1961,0.0316,0.776,461.753,533.4472,0.0506,0.867,3.2465,273.4226,0.1878,0.88,800.155,1005.205,-0.1876,0.18,1589.4113,756.8479,-0.0413,0.917,844.1206,73.3772,0.2432,0.683,1736.6872,229.5348,0.1846,0.575
24,400,0,,,,,,,,,,,,,,,,,,,,,,,,,,,,,,,,,,,,,,,,,,,,,,,,,,,,,,,,,,,,,,,,,,,,,,,,,,,,,,,,,,,,,,,,,,,,,,,,,,,,,,,,,,,,,,,,,,,,,,,,,,,,,,,,,,,,,,,,,,,,,,,,
25,416.6666666666667,30470.02725421168,107.50390754811124,46.10643389372105,72.3542214197807,174.15960974527655,176.96274562706296,1.380495214423876,14.681881216398168,104.13155163454316,166.45234187222843,10.608683463572373,179.99999914622634,10.199561979463805,435.8719,400.2624,-0.166,0.602,267.8746,512.5669,0.4682,0.311,755.1191,391.7742,0.238,0.775,411.59,974.3477,0.3401,0.795,1844.5346,824.4475,0.4335,0.02,746.8083,975.6157,0.0288,0.264,1590.9761,204.1281,-0.0221,0.81,420.0412,513.5193,-0.1518,0.137,45.348,190.6528,0.0334,0.365,1693.6915,589.0956,-0.0156,0.506,1597.8172,590.4193,-0.0188,0.767,1196.5474,426.8176,-0.3816,0.87,1596.3824,856.8023,0.143,0.763,528.7274,373.9063,-0.2287,0.582,1492.744,286.5208,-0.0924,0.372,1449.8865,714.2379,0.444,0.709,461.1056,1020.2802,0.2429,0.248,1807.0425,418.4748,0.1446,0.736,1166.9518,241.1823,0.1402,0.52,1224.0549,72.0542,-0.4545,0.08,873.3922,961.182,0.0237,0.458,1745.2997,564.504,0.057,0.04,454.5101,305.5947,0.2878,0.69,1704.8798,107.9622,-0.0975,0.954,499.7403,255.9783,-0.0213,0.825,1139.0388,417.8545,0.3814,0.674,1297.7848,678.7509,-0.166,0.303,1009.7669,227.1105,-0.3186,0.937,869.9033,365.6967,-0.2912,0.641,1837.7048,191.884,0.4354,0.711,55.1258,335.9326,-0.0663,0.965,133.8265,236.9891,-0.0644,0.783,747.7039,1018.0837,0.0055,0.742
26,433.33333333333337,38034.371385996594,3.1321707057742167,11.13011541908407,89.71633182201337,45.67286907357274,7.098294649389548,101.87019642624998,44.645298859488896,91.68417976655087,96.5462956398053,9.572640503636224,180,38.968480989793456,120.1661,1034.9911,-0.0127,0.819,874.738,816.598,0.3714,0.277,1460.8087,1049.0065,-0.2166,0.871,49.3738,939.1674,0.4184,0.308,968.3666,476.3504,-0.045,0.062,1226.6802,697.9495,0.0134,0.437,1563.8935,944.5931,0.1554,0.041,753.4568,26.8394,0.261,0.451,933.8026,1015.5359,-0.2686,0.362,779.3886,936.8511,0.1985,0.177,899.1152,775.8939,-0.1921,0.007,1070.8108,624.4816,0.0824,0.169,1698.4589,636.0935,0.3325,0.37,1135.049,671.9576,0.4687,0.147,1.0537,646.3948,-0.1133,0.78,232.4157,570.9297,-0.4857,0.788,1442.0444,744.5251,-0.2145,0.601,229.6346,1057.0685,-0.4475,0.77,1680.986,237.7827,0.4594,0.895,714.9672,505.2212,-0.3398,0.804,786.9922,1052.9247,0.3832,0.561,78.1219,857.4609,-0.1328,0.314,1419.7907,396.9717,-0.1622,0.718,1884.1583,238.3535,0.4493,0.423,50.0859,661.1949,0.3608,0.855,1725.6233,408.8868,-0.2759,0.211,694.5002,585.9139,0.1943,0.592,1006.7707,643.6181,0.4555,0.882,444.5236,141.1956,0.1987,0.466,1913.5416,573.6183,0.331,0.417,796.7777,190.4156,0.0869,0.115,108.53,69.5457,-0.1515,0.682,480.846,415.6058,-0.4709,0.988
27,450,14898.394573791942,,7.655532294518416,48.77852110103104,19.675889974937036,21.91266094874646,29.78848049040706,,20.181998846212412,,0.9059028741298312,180,34.900403067967325,158.0325,714.6927,-0.346,0.829,1172.3029,821.6126,0.1246,0.541,210.3946,344.4617,0.3116,0.96,1182.5127,509.8177,0.2806,0.366,1673.8784,768.6928,0.1073,0.017,,,,,950.2684,660.4174,0.2442,0.647,968.0641,630.5095,0.4632,0.787,1199.0166,283.8183,-0.4484,0.253,1346.1458,777.0387,0.0149,0.528,218.6084,927.7938,0.3389,0.236,,,,,1856.0356,546.2499,-0.0501,0.564,303.3687,639.3143,0.4364,0.997,123.3503,921.211,0.1365,0.729,1637.7591,256.4721,0.3951,0.527,641.9366,423.6658,-0.0482,0.703,1178.9426,643.5681,-0.0158,0.009,311.4739,455.6941,-0.1759,1,1760.0226,1063.6873,0.1341,0.354,1791.9778,549.6085,0.4364,0.44,1726.352,418.7334,-0.3163,0.961,1064.133,912.9826,-0.2059,0.159,1574.2601,61.1101,-0.1782,0.817,345.226,363.7734,0.1852,0.038,902.4463,1071.395,-0.3748,0.773,1855.7572,345.5319,0.3258,0.709,694.8679,56.3453,-0.1031,0.86,1689.3891,876.019,-0.2326,0.497,667.352,60.4352,0.4496,0.58,514.3098,686.5886,0.3652,0.692,1016.9264,1007.6444,0.2178,0.395,1362.9559,228.1315,0.1854,0.423
28,466.6666666666667,44614.9333662807,17.232321149666006,21.197822566357285,151.32630003811468,28.464060889992222,2.5484276568248605,63.07027317787567,159.34166701272895,84.92990103003338,12.45935906742025,35.84402532088542,180,5.039795037394956,399.1868,835.8781,-0.1281,0.446,572.5971,516.8927,0.1366,0.53,354.2467,257.5799,0.404,0.603,697.5707,542.9206,0.0328,0.855,1777.3042,236.5609,-0.4301,0.9,96.7201,209.9052,-0.0822,0.664,1558.6054,325.1166,-0.1276,0.412,141.7013,647.8832,-0.4358,0.049,542.6394,151.8145,0.1378,0.363,1604.7751,273.3015,0.1859,0.769,557.248,503.2162,0.2697,0.93,1900.7039,305.9604,0.3746,0.177,5.7717,477.31,-0.0169,0.862,477.1647,459.642,-0.3571,0.185,213.4071,642.6694,0.2019,0.22,1128.8577,87.5367,-0.3884,0.124,1082.9245,740.9726,-0.2319,0.103,1747.9122,129.1633,-0.461,0.601,1709.3909,858.3544,-0.2918,0.848,1441.0779,588.6,-0.231,0.373,1109.5637,164.8096,-0.4114,0.862,1084.6644,1056.4284,-0.4635,0.089,925.3973,593.8751,-0.2506,0.129,1731.5831,779.863,-0.0473,0.862,911.0724,823.7286,0.0122,0.486,221.8629,138.0005,-0.4067,0.925,113.7375,468.8954,0.1786,0.574,1467.6682,559.6972,0.2666,0.759,916.7643,385.1403,0.3347,0.962,932.9069,136.463,0.1195,0.393,281.476,505.579,0.3283,0.959,1132.186,47.8087,-0.368,0.627,1491.3273,44.3057,0.1142,0.286
29,483.3333333333333,13673.239284269855,12.447372297671913,21.00178706262779,33.801675794722286,22.491786522858302,63.36221265064015,6.065930701274359,113.50797380324566,44.527390023336906,18.317868736632445,58.557126361996964,180,21.336044035742965,415.3979,715.2436,-0.1949,0.837,1288.5687,1061.1998,-0.2764,0.204,1822.7572,147.1955,-0.4365,0.256,455.8601,64.9151,-0.4927,0.752,289.9785,1073.9125,0.2684,0.318,667.9774,228.6409,-0.1656,0.436,590.0877,687.5863,-0.4687,0.336,333.5958,781.7837,0.0751,0.441,114.311,407.5671,-0.1032,0.573,976.3056,91.2767,-0.0575,0.061,1434.0538,347.6514,-0.2337,0.541,1913.2626,421.9445,-0.0748,0.806,854.9732,971.4013,0.1412,0.357,395.2882,392.2434,-0.3703,0.643,590.7227,30.2869,-0.4827,0.495,837.9319,1061.559,0.4596,0.856,1349.2822,1002.1911,-0.1718,0.162,1520.0971,698.4883,-0.4961,0.474,630.4221,20.9979,-0.3616,0.417,1894.4258,706.7629,-0.2991,0.601,1150.7523,525.2531,0.2,0.266,1868.4972,901.0523,0.0422,0.72,1838.8094,571.4294,-0.0525,0.555,122.1174,506.9171,0.0945,0.385,1300.9812,773.0232,-0.0831,0.574,66.1326,830.4086,-0.3079,0.286,1413.379,21.2153,-0.1482,0.758,510.0144,346.0937,0.1406,0.69,1694.2482,663.0249,0.2974,0.857,1199.0382,632.3067,0.475,0.059,652.4426,805.6084,-0.2405,0.621,999.1807,843.3175,0.0205,0.977,1066.5573,813.3491,-0.194,0.647
30,500,6413.028142550254,20.0273591074365,25.267513726197098,34.2440992259896,15.456983839105096,32.21638660573194,34.39356352304708,95.25501207257862,3.5365180341087274,142.2443083461017,13.384187150412355,180,34.2503244143802,1808.9646,1056.8896,-0.2928,0.948,894.4378,788.0798,0.4728,0.525,1282.3165,3.5995,0.4627,0.791,735.0435,949.0021,-0.1807,0.663,75.5622,503.5307,0.4096,0.776,1685.4317,500.852,0.4134,0.746,1917.053,592.4473,0.086,0.678,232.2159,917.1531,-0.2549,0.452,35.1386,157.7534,0.2827,0.666,621.0854,1067.8855,0.1484,0.21,1150.8413,734.7804,-0.3388,0.258,941.7759,423.0513,0.4048,0.548,47.5698,247.9289,-0.3503,0.843,863.566,32.1284,0.3647,0.081,767.747,794.4758,0.4891,0.449,1200.5838,231.3402,-0.2847,0.238,157.1412,845.6517,-0.0804,0.661,965.0104,53.3646,-0.1819,0.877,645.9383,956.1558,0.1691,0.357,467.3969,256.0194,0.308,0.745,488.5601,704.2042,-0.4014,0.519,1311.9048,405.0349,0.443,0.921,170.4377,402.7404,0.0199,0.918,640.5469,429.4154,-0.3242,0.646,1030.4785,1022.2396,-0.3622,0.598,1691.5214,737.1359,-0.4534,0.048,332.1025,204.8577,0.2658,0.193,563.3336,232.837,-0.3279,0.39,285.7509,1002.2553,0.0518,0.267,16.2405,613.5563,-0.339,0.022,644.0152,228.5089,-0.2748,0.693,1807.3358,1048.4156,-0.1123,0.358,1521.0227,178.527,0.1594,0.059
31,516.6666666666667,0,,,,,,,,,,,,,,,,,,,,,,,,,,,,,,,,,,,,,,,,,,,,,,,,,,,,,,,,,,,,,,,,,,,,,,,,,,,,,,,,,,,,,,,,,,,,,,,,,,,,,,,,,,,,,,,,,,,,,,,,,,,,,,,,,,,,,,,,,,,,,,,,
32,533.3333333333334,34626.86464452387,12.95977640598168,13.05943754183207,16.61351832166965,117.26055563740076,71.00008243479839,35.55133948040247,19.64792755059611,21.636278618000926,10.610395493958599,131.8431323858717,180,6.243498035755027,1466.817,373.1729,0.2236,0.383,821.6732,44.1767,-0.4156,0.197,636.9152,771.7363,0.094,0.754,1626.36,871.3483,0.4964,0.362,312.8947,244.36,-0.4871,0.959,1271.4988,286.574,0.0085,0.427,547.0955,944.0215,0.3744,0.185,1018.7471,154.2087,-0.0612,0.424,1546.7986,703.2252,-0.4557,0.739,523.508,597.38,-0.4105,0.649,422.5728,21.1546,0.2072,0.064,1495.2517,201.2883,0.4104,1,1155.716,989.8959,-0.3024,0.44,722.0262,699.3433,0.4187,0.631,1362.7335,1007.0057,0.3234,0.776,425.5232,481.407,0.3538,0.839,209.8429,812.2627,0.0813,0.059,1609.1011,904.5507,0.1416,0.311,159.5982,105.2896,0.3839,0.582,550.5859,804.8933,0.3171,0.456,795.8694,947.2421,-0.2875,0.765,501.0334,1042.7611,0.437,0.765,676.2943,962.632,0.4369,0.301,464.9762,402.2621,-0.4548,0.216,1437.6126,432.1361,-0.4659,0.965,1268.0284,222.9949,0.1086,0.903,1065.1632,52.4618,0.0173,0.296,1786.614,526.9873,0.2071,0.761,1278.0951,1008.2896,-0.2078,0.308,1398.8974,373.5526,-0.0134,0.048,683.4901,308.6221,0.0042,0.211,1339.1063,38.0336,0.4645,0.868,392.9819,744.2519,0.3767,0.151
33,550,33671.373909733615,158.2032848877703,77.44834248436125,19.181352025604028,32.86830753536479,63.033044557222034,62.03959852812919,24.794522753690348,0.10819536202488762,169.5201102024903,108.31736547709703,180,6.875170684457371,1290.2431,947.3167,0.2049,0.437,1120.5935,398.6776,-0.3841,0.645,1405.3706,1053.6562,-0.0067,0.123,957.477,584.6729,0.1034,0.782,1414.47,444.3512,0.1083,0.215,65.1012,1038.4345,0.3585,0.724,362.7922,662.0678,0.0676,0.247,536.1935,730.233,-0.0225,0.683,916.2625,271.3059,0.1085,0.406,902.3637,972.2736,0.3217,0.209,1303.334,243.8841,0.0601,0.293,672.1726,600.1517,0.0395,0.627,787.0183,279.4824,-0.2924,0.453,377.7503,275.6818,0.3869,0.704,708.2152,86.972,0.2709,0.054,1889.9195,264.2546,0.2017,0.266,1348.9144,543.5103,-0.2331,0.641,1352.3561,1009.6265,-0.0488,0.831,59.5746,924.6822,0.096,0.461,935.7031,704.6134,0.0295,0.891,558.9045,798.5417,-0.0059,0.604,1573.2234,609.2354,0.2235,0.093,477.0618,542.8295,-0.156,0.486,1217.2815,285.927,-0.4792,0.883,1398.9303,178.209,0.0211,0.149,964.7368,248.4616,0.1063,0.88,346.6274,278.065,0.0894,0.723,1723.0063,766.3706,-0.3235,0.533,603.2425,938.4773,-0.2424,0.436,193.1333,328.5365,-0.0524,0.656,1452.1309,612.2052,-0.4409,0.015,64.0784,661.1396,0.1979,0.098,1716.3008,344.9434,-0.1286,0.885
34,566.6666666666666,0,17.777458350399826,110.20884974269369,,,,,,,76.58562275324329,23.52761821836802,180,,1850.2402,695.903,-0.0474,0.803,1257.5942,772.0171,-0.2013,0.989,424.1784,28.353,0.4581,0.018,1790.9666,517.3414,0.0336,0.72,410.5385,336.9375,-0.4774,0.218,421.3939,703.6388,-0.4588,0.656,1867.0547,947.3991,-0.2875,0.447,,,,,,,,,1796.8166,367.2789,-0.2526,0.903,537.9359,879.4585,-0.0863,0.697,887.7233,336.4556,0.2542,0.845,1417.3862,601.0066,0.3513,0.949,993.3495,856.9046,0.2272,0.298,645.1066,520.3986,-0.2894,0.778,270.378,944.5969,0.1933,0.528,1330.6706,665.5923,-0.4666,0.546,860.5261,785.1333,-0.1662,0.464,456.4059,343.7115,-0.3324,0.105,1709.051,201.6446,0.3398,0.117,1576.334,845.7882,0.0591,0.578,31.7352,625.5045,-0.0672,0.839,1838.4445,476.0148,0.2065,0.582,1499.0877,397.259,-0.079,0.829,1391.0784,766.3886,-0.0914,0.392,210.7912,247.0511,-0.1529,0.33,555.9741,824.3619,-0.1627,0.752,102.0505,564.8455,-0.0632,0.786,1326.1457,563.4588,-0.1513,0.589,780.2901,983.3053,-0.2078,0.119,1594.27,465.4714,0.4714,0.596,668.6965,15.8494,-0.2483,0.613,1695.8051,73.7702,0.1075,0.976
35,583.3333333333334,26488.095966535326,44.17905871679652,24.18882953080558,58.56278154775169,34.32035996313657,61.40547432767447,125.88036485952394,71.73608469933794,13.690402417625782,154.81633158249144,25.454526572418544,179.99999914622634,38.275711204052435,698.4921,1019.3731,-0.4306,0.152,1277.9989,321.9629,-0.1494,0.472,1845.9886,1037.1071,0.433,0.623,1748.4075,316.093,-0.1101,0.222,408.8335,609.2705,-0.0722,0.56,1537.1166,115.8366,-0.3906,0.301,1784.1055,425.508,-0.3713,0.764,1678.9281,959.8088,-0.4189,0.605,1460.6997,563.0352,-0.3794,0.009,1878.0058,604.3787,-0.1562,0.704,949.1411,591.8253,-0.0431,0.737,1286.6413,489.5423,0.4902,0.313,1639.5092,719.3941,-0.0182,0.28,381.0664,718.5912,-0.0616,0.745,952.43,221.5974,0.2442,0.051,1219.5418,9.7497,-0.3463,0.782,958.4406,107.8092,0.4289,0.393,2.9779,531.0987,-0.1,0.21,1476.4729,863.6325,0.1224,0.981,850.6264,988.8528,-0.0328,0.309,13.9966,911.8496,0.2101,0.704,1066.1017,48.9621,0.3645,0.367,1527.1456,692.8892,0.4327,0.414,653.37,651.4318,0.4953,0.048,1108.0306,827.9932,-0.1889,0.89,821.9986,1038.826,-0.2019,0.019,1740.3214,54.2196,0.4225,0.028,887.5273,599.9516,-0.0192,0.817,368.2247,719.0716,0.2864,0.415,1046.0281,305.5029,0.0495,0.034,622.0353,99.3866,-0.4874,0.744,1111.6142,684.4188,0.4399,0.088,1118.2565,759.4013,0.0436,0.691
36,600,71468.67972364783,146.28900098164831,122.93453378941179,70.92248333848275,141.67329595268143,38.24388552049828,40.176792037297204,53.56070644644457,172.55493179551647,40.37539496158691,170.1096902402693,179.99999914622634,40.56314795598169,223.9696,1058.6611,-0.1642,0.594,1024.536,375.2108,-0.0452,0.603,403.7081,292.4634,0.484,0.292,1210.111,640.5254,-0.3742,0.389,1579.9228,40.3368,-0.4295,0.748,1631.5701,804.9982,-0.4174,0.204,1726.0798,186.3253,0.0823,0.39,699.9832,822.7154,-0.1717,0.791,57.3823,711.4747,0.3531,0.702,896.2719,767.1542,-0.2857,0.058,630.5155,607.8517,0.0771,0.603,171.6942,206.0027,0.1831,0.679,1356.9578,572.2801,-0.0954,0.556,1532.5014,143.7498,-0.2527,0.627,1702.6674,494.4112,-0.277,0.444,278.3179,774.2722,-0.2201,0.18,220.419,853.3377,0.0003,0.012,1226.1702,76.0678,-0.0097,0.878,1481.1003,354.9918,-0.0289,0.841,1308.8459,583.4272,0.0741,0.511,505.253,211.3314,-0.2317,0.542,1888.1039,1056.6621,-0.2954,0.086,32.4682,990.3696,-0.1004,0.669,881.6799,943.1472,-0.0711,0.755,323.9385,1052.0651,-0.4457,0.948,1603.0552,208.1623,0.1133,0.092,1442.278,24.5773,-0.3824,0.144,1580.9346,351.0664,-0.3098,0.583,976.4679,646.8899,-0.2649,0.55,1705.0535,776.6664,0.1945,0.183,1345.7015,249.3501,0.2728,0.466,14.6713,156.2441,-0.2357,0.326,1388.9541,428.889,-0.397,0.037
37,616.6666666666667,3715.9363469674918,18.483049044966283,6.884739436933574,122.67468726571798,2.3366589673734213,34.90177018641179,5.894062533577189,98.01354278974611,47.75139042492176,19.55420379993878,21.994045147384607,179.99999879258172,11.241251397293569,665.1581,346.085,-0.2149,0.754,381.4404,662.6114,0.3282,0.981,1790.2264,1058.9659,0.0337,0.571,1680.473,847.4622,0.3691,0.09,158.1851,297.0843,-0.1428,0.83,553.2175,283.4225,0.2134,0.919,1535.2518,748.2359,-0.0925,0.907,41.0655,1057.3092,-0.0348,0.748,654.1155,584.0047,0.4247,0.738,94.0089,542.4971,0.3853,0.622,1794.9047,928.2932,0.4795,0.174,1817.7809,478.0276,-0.3673,0.763,1373.9108,43.8691,-0.3404,0.773,1233.9647,710.31,-0.2695,0.35,1632.7365,281.464,-0.1201,0.237,1753.7293,896.9908,0.2419,0.315,403.1429,530.5129,-0.4079,0.487,1712.7559,420.7676,0.0944,0.73,961.283,981.7998,-0.0766,0.689,1760.8985,9.6852,0.1912,0.414,1066.9626,400.1402,-0.1149,0.023,653.3731,559.7645,-0.3552,0.31,503.5421,839.0416,0.0505,0.514,126.9973,725.2222,-0.1573,0.252,691.6088,143.2151,0.2476,0.34,1715.3978,583.8984,0.0323,0.374,23.42,410.8525,-0.348,0.303,1550.5893,806.1951,-0.4482,0.7,1588.1596,151.5225,0.0608,0.708,751.469,318.1571,0.3704,0.174,1839.667,57.882,-0.4813,0.429,79.4952,136.996,0.4788,0.165,123.9613,704.8101,0.3429,0.043
38,633.3333333333333,0,,,,,,,,,,,,,,,,,,,,,,,,,,,,,,,,,,,,,,,,,,,,,,,,,,,,,,,,,,,,,,,,,,,,,,,,,,,,,,,,,,,,,,,,,,,,,,,,,,,,,,,,,,,,,,,,,,,,,,,,,,,,,,,,,,,,,,,,,,,,,,,,
39,650,4169.350129292281,77.89118947172727,64.31143465438957,169.01359991513075,39.459407355108965,97.82657956408993,137.05949438336967,93.71130581035918,41.36143611402576,10.143631116580965,100.84011825448488,179.99999914622634,101.91619640114133,1407.9087,248.6206,-0.1019,0.923,1114.1796,1046.1546,-0.4501,0.537,1523.7674,503.7751,-0.2212,0.635,1608.9505,1053.3287,-0.3991,0.82,348.4119,106.6799,-0.2853,0.66,1461.9114,316.003,-0.2965,0.403,431.8868,784.4775,0.4985,0.313,147.6721,843.9393,-0.0133,0.706,322.1214,960.041,-0.3117,0.176,194.1406,177.8279,-0.4805,0.445,8.5356,832.3964,0.1461,0.922,1361.658,183.5178,0.3794,0.917,1310.5061,378.6777,0.2357,0.109,617.4521,46.6235,-0.4611,0.602,1260.5929,39.5445,-0.0135,0.034,372.391,598.5304,-0.4239,0.488,1710.5931,502.7427,0.3604,0.53,1776.3081,208.53,0.1565,0.669,678.0381,650.586,0.4069,0.285,1388.7216,874.886,0.1226,0.406,1721.0846,296.1791,0.2545,0.024,1818.6172,237.2389,0.0744,0.096,1332.1753,7.9965,-0.0109,0.188,292.207,872.6824,-0.0402,0.514,1846.6043,743.0992,0.446,0.845,900.6808,349.9921,-0.1797,0.254,1013.3924,99.9808,-0.477,0.038,1156.3536,645.5174,-0.4898,0.75,1501.2307,212.7923,-0.3526,0.035,1444.7513,420.0976,-0.1596,0.101,1034.0553,418.4446,0.2034,0.895,499.7273,492.0099,0.3518,0.979,1747.9572,654.7896,0.2426,0.643